file_path,size_bytes,modified,permissions
/data/data/com.termux/files/home/FHI_EMPIRE/empire-v5/core/events/eventBus.js,322,2026-07-22 19:54,600
/data/data/com.termux/files/home/FHI_EMPIRE/empire-v5/core/events/events.json,140,2026-07-22 19:54,600
/data/data/com.termux/files/home/FHI_EMPIRE/empire-v5/core/logs/eventLogger.js,248,2026-07-22 19:54,600
/data/data/com.termux/files/home/FHI_EMPIRE/empire-v5/core/logs/events.log,110,2026-07-22 19:54,600
/data/data/com.termux/files/home/FHI_EMPIRE/empire-v5/core/state/runtime.json,97,2026-07-22 19:54,600
/data/data/com.termux/files/home/FHI_EMPIRE/empire-v5/dashboard/data/system-health.json,66,2026-07-22 19:53,600
/data/data/com.termux/files/home/FHI_EMPIRE/empire-v5/dashboard/v3/js/dashboard.js,926,2026-07-22 19:54,600
/data/data/com.termux/files/home/FHI_EMPIRE/empire-v5/dashboard/v3/css/dashboard.css,224,2026-07-22 19:54,600
/data/data/com.termux/files/home/FHI_EMPIRE/empire-v5/dashboard/v3/data/dashboard.json,545,2026-07-22 19:54,600
/data/data/com.termux/files/home/FHI_EMPIRE/empire-v5/dashboard/v3/data/primedox/documents.json,53,2026-07-22 19:55,600
/data/data/com.termux/files/home/FHI_EMPIRE/empire-v5/dashboard/v3/data/primedox/users.json,41,2026-07-22 19:56,600
/data/data/com.termux/files/home/FHI_EMPIRE/empire-v5/dashboard/v3/data/pipeline/pipeline.json,58,2026-07-22 19:58,600
/data/data/com.termux/files/home/FHI_EMPIRE/empire-v5/dashboard/v3/data/agents/status.json,40,2026-07-22 20:00,600
/data/data/com.termux/files/home/FHI_EMPIRE/empire-v5/dashboard/v3/data/memory/status.json,56,2026-07-22 20:01,600
/data/data/com.termux/files/home/FHI_EMPIRE/empire-v5/dashboard/v3/data/workflows/status.json,59,2026-07-22 20:02,600
/data/data/com.termux/files/home/FHI_EMPIRE/empire-v5/dashboard/v3/data/bus/status.json,51,2026-07-22 20:04,600
/data/data/com.termux/files/home/FHI_EMPIRE/empire-v5/dashboard/v3/data/revenue/status.json,60,2026-07-22 20:04,600
/data/data/com.termux/files/home/FHI_EMPIRE/empire-v5/dashboard/v3/data/crm/status.json,71,2026-07-22 20:05,600
/data/data/com.termux/files/home/FHI_EMPIRE/empire-v5/dashboard/v3/data/sales/status.json,59,2026-07-22 20:05,600
/data/data/com.termux/files/home/FHI_EMPIRE/empire-v5/dashboard/v3/data/portal/status.json,56,2026-07-22 20:05,600
/data/data/com.termux/files/home/FHI_EMPIRE/empire-v5/dashboard/v3/data/auth/status.json,58,2026-07-22 20:06,600
/data/data/com.termux/files/home/FHI_EMPIRE/empire-v5/dashboard/v3/data/api/status.json,60,2026-07-22 20:06,600
/data/data/com.termux/files/home/FHI_EMPIRE/empire-v5/dashboard/v3/data/monitoring/status.json,62,2026-07-22 20:07,600
/data/data/com.termux/files/home/FHI_EMPIRE/empire-v5/dashboard/v3/export/.keep,0,2026-07-22 19:54,600
/data/data/com.termux/files/home/FHI_EMPIRE/empire-v5/dashboard/v3/index.html,558,2026-07-22 19:54,600
/data/data/com.termux/files/home/FHI_EMPIRE/empire-v5/dashboard/command-center/data/metrics.json,365,2026-07-22 19:59,600
/data/data/com.termux/files/home/FHI_EMPIRE/empire-v5/dashboard/command-center/js/metrics.js,573,2026-07-22 19:59,600
/data/data/com.termux/files/home/FHI_EMPIRE/empire-v5/dashboard/command-center/css/style.css,168,2026-07-22 19:59,600
/data/data/com.termux/files/home/FHI_EMPIRE/empire-v5/dashboard/command-center/index.html,514,2026-07-22 19:59,600
/data/data/com.termux/files/home/FHI_EMPIRE/empire-v5/agents/registry/agents.json,709,2026-07-22 20:00,600
/data/data/com.termux/files/home/FHI_EMPIRE/empire-v5/agents/router/router.js,526,2026-07-22 20:00,600
/data/data/com.termux/files/home/FHI_EMPIRE/empire-v5/agents/memory/memory.json,18,2026-07-22 20:00,600
/data/data/com.termux/files/home/FHI_EMPIRE/empire-v5/agents/logs/health.json,17,2026-07-22 20:00,600
/data/data/com.termux/files/home/FHI_EMPIRE/empire-v5/security/agents/status.json,371,2026-07-22 19:53,600
/data/data/com.termux/files/home/FHI_EMPIRE/empire-v5/security/logs/events.json,17,2026-07-22 19:53,600
/data/data/com.termux/files/home/FHI_EMPIRE/empire-v5/security/monitoring/monitor.js,326,2026-07-22 19:53,600
/data/data/com.termux/files/home/FHI_EMPIRE/empire-v5/security/monitoring/deployment.json,207,2026-07-22 19:53,600
/data/data/com.termux/files/home/FHI_EMPIRE/empire-v5/revenue/products/floor-offers.json,527,2026-07-22 19:52,600
/data/data/com.termux/files/home/FHI_EMPIRE/empire-v5/revenue/products/paypal-links.json,232,2026-07-22 19:52,600
/data/data/com.termux/files/home/FHI_EMPIRE/empire-v5/revenue/products/clone-products.json,108,2026-07-22 20:00,600
/data/data/com.termux/files/home/FHI_EMPIRE/empire-v5/revenue/products/catalog.json,346,2026-07-22 20:04,600
/data/data/com.termux/files/home/FHI_EMPIRE/empire-v5/revenue/analytics/metrics.json,60,2026-07-22 19:57,600
/data/data/com.termux/files/home/FHI_EMPIRE/empire-v5/revenue/analytics/seo/metrics.json,61,2026-07-22 19:59,600
/data/data/com.termux/files/home/FHI_EMPIRE/empire-v5/revenue/offers/catalog.json,366,2026-07-22 19:57,600
/data/data/com.termux/files/home/FHI_EMPIRE/empire-v5/revenue/events/conversions.json,106,2026-07-22 19:57,600
/data/data/com.termux/files/home/FHI_EMPIRE/empire-v5/revenue/events/demo-tracker.js,376,2026-07-22 19:58,600
/data/data/com.termux/files/home/FHI_EMPIRE/empire-v5/revenue/events/demo-events.json,113,2026-07-22 19:58,600
/data/data/com.termux/files/home/FHI_EMPIRE/empire-v5/revenue/events/revenue-events.json,97,2026-07-22 20:04,600
/data/data/com.termux/files/home/FHI_EMPIRE/empire-v5/revenue/pipeline/pipeline.json,130,2026-07-22 19:58,600
/data/data/com.termux/files/home/FHI_EMPIRE/empire-v5/revenue/pipeline/lead-schema.json,115,2026-07-22 19:58,600
/data/data/com.termux/files/home/FHI_EMPIRE/empire-v5/revenue/customers/customers.json,20,2026-07-22 20:04,600
/data/data/com.termux/files/home/FHI_EMPIRE/empire-v5/revenue/snapshots/current.json,57,2026-07-22 19:59,600
/data/data/com.termux/files/home/FHI_EMPIRE/empire-v5/revenue/funnel/events.json,108,2026-07-22 19:59,600
/data/data/com.termux/files/home/FHI_EMPIRE/empire-v5/revenue/engine/revenue-engine.js,621,2026-07-22 20:04,600
/data/data/com.termux/files/home/FHI_EMPIRE/empire-v5/revenue/transactions/transactions.json,203,2026-07-22 20:04,600
/data/data/com.termux/files/home/FHI_EMPIRE/empire-v5/primedox/templates/registry.json,462,2026-07-22 19:54,600
/data/data/com.termux/files/home/FHI_EMPIRE/empire-v5/primedox/cases/case-schema.json,137,2026-07-22 19:54,600
/data/data/com.termux/files/home/FHI_EMPIRE/empire-v5/primedox/cases/example-case.json,185,2026-07-22 19:55,600
/data/data/com.termux/files/home/FHI_EMPIRE/empire-v5/primedox/documents/document-schema.json,111,2026-07-22 19:54,600
/data/data/com.termux/files/home/FHI_EMPIRE/empire-v5/primedox/intake/intake-schema.json,111,2026-07-22 19:54,600
/data/data/com.termux/files/home/FHI_EMPIRE/empire-v5/primedox/history/history.json,19,2026-07-22 19:54,600
/data/data/com.termux/files/home/FHI_EMPIRE/empire-v5/primedox/export/export-schema.json,20,2026-07-22 19:55,600
/data/data/com.termux/files/home/FHI_EMPIRE/empire-v5/primedox/export/export.json,18,2026-07-22 19:55,600
/data/data/com.termux/files/home/FHI_EMPIRE/empire-v5/primedox/generator.js,423,2026-07-22 19:54,600
/data/data/com.termux/files/home/FHI_EMPIRE/empire-v5/primedox/legal-disclaimer.txt,258,2026-07-22 19:54,600
/data/data/com.termux/files/home/FHI_EMPIRE/empire-v5/primedox/email/message-schema.json,153,2026-07-22 19:55,600
/data/data/com.termux/files/home/FHI_EMPIRE/empire-v5/primedox/timeline/timeline.js,276,2026-07-22 19:55,600
/data/data/com.termux/files/home/FHI_EMPIRE/empire-v5/primedox/attachments/index.json,22,2026-07-22 19:55,600
/data/data/com.termux/files/home/FHI_EMPIRE/empire-v5/primedox/workflows/states.json,113,2026-07-22 19:55,600
/data/data/com.termux/files/home/FHI_EMPIRE/empire-v5/primedox/notifications/queue.json,24,2026-07-22 19:55,600
/data/data/com.termux/files/home/FHI_EMPIRE/empire-v5/primedox/vault/files/demo-document.html,138,2026-07-22 19:55,600
/data/data/com.termux/files/home/FHI_EMPIRE/empire-v5/primedox/vault/metadata/schema.json,152,2026-07-22 19:55,600
/data/data/com.termux/files/home/FHI_EMPIRE/empire-v5/primedox/vault/index.json,20,2026-07-22 19:55,600
/data/data/com.termux/files/home/FHI_EMPIRE/empire-v5/primedox/vault/document-model.json,140,2026-07-22 19:55,600
/data/data/com.termux/files/home/FHI_EMPIRE/empire-v5/primedox/vault/1784764545327.json,131,2026-07-22 19:55,600
/data/data/com.termux/files/home/FHI_EMPIRE/empire-v5/primedox/pdf/generator.js,409,2026-07-22 19:55,600
/data/data/com.termux/files/home/FHI_EMPIRE/empire-v5/primedox/pdf/pdf-engine.js,392,2026-07-22 19:55,600
/data/data/com.termux/files/home/FHI_EMPIRE/empire-v5/primedox/versioning/version.js,328,2026-07-22 19:55,600
/data/data/com.termux/files/home/FHI_EMPIRE/empire-v5/primedox/versions/version-control.js,184,2026-07-22 19:55,600
/data/data/com.termux/files/home/FHI_EMPIRE/empire-v5/primedox/api/routes.json,188,2026-07-22 19:55,600
/data/data/com.termux/files/home/FHI_EMPIRE/empire-v5/primedox/users/user-model.json,18,2026-07-22 19:56,600
/data/data/com.termux/files/home/FHI_EMPIRE/empire-v5/primedox/auth/roles.json,337,2026-07-22 19:56,600
/data/data/com.termux/files/home/FHI_EMPIRE/empire-v5/primedox/auth/session.js,282,2026-07-22 19:56,600
/data/data/com.termux/files/home/FHI_EMPIRE/empire-v5/primedox/subscriptions/plans.json,172,2026-07-22 19:56,600
/data/data/com.termux/files/home/FHI_EMPIRE/empire-v5/data/conversations/log.json,24,2026-07-22 19:53,600
/data/data/com.termux/files/home/FHI_EMPIRE/empire-v5/package.json,226,2026-07-22 16:11,600
/data/data/com.termux/files/home/FHI_EMPIRE/empire-v5/docs/index.html,14086,2026-07-22 20:26,600
/data/data/com.termux/files/home/FHI_EMPIRE/empire-v5/docs/js/floors.js,847,2026-07-22 19:51,600
/data/data/com.termux/files/home/FHI_EMPIRE/empire-v5/docs/js/empire.js,1129,2026-07-22 19:51,600
/data/data/com.termux/files/home/FHI_EMPIRE/empire-v5/docs/js/elevator.js,1256,2026-07-22 19:52,600
/data/data/com.termux/files/home/FHI_EMPIRE/empire-v5/docs/js/konami.js,371,2026-07-22 19:52,600
/data/data/com.termux/files/home/FHI_EMPIRE/empire-v5/docs/js/revenue.js,690,2026-07-22 19:52,600
/data/data/com.termux/files/home/FHI_EMPIRE/empire-v5/docs/js/cta.js,449,2026-07-22 19:52,600
/data/data/com.termux/files/home/FHI_EMPIRE/empire-v5/docs/js/agent-router.js,655,2026-07-22 19:53,600
/data/data/com.termux/files/home/FHI_EMPIRE/empire-v5/docs/css/command.css,584,2026-07-22 19:52,600
/data/data/com.termux/files/home/FHI_EMPIRE/empire-v5/docs/dashboard/index.html,484,2026-07-22 19:52,600
/data/data/com.termux/files/home/FHI_EMPIRE/empire-v5/docs/chat/widget.html,714,2026-07-22 19:53,600
/data/data/com.termux/files/home/FHI_EMPIRE/empire-v5/docs/security/status.html,392,2026-07-22 19:53,600
/data/data/com.termux/files/home/FHI_EMPIRE/empire-v5/docs/primedox/index.html,328,2026-07-22 19:56,600
/data/data/com.termux/files/home/FHI_EMPIRE/empire-v5/docs/offers/index.html,808,2026-07-22 19:57,600
/data/data/com.termux/files/home/FHI_EMPIRE/empire-v5/docs/demo/primedox.html,691,2026-07-22 19:58,600
/data/data/com.termux/files/home/FHI_EMPIRE/empire-v5/docs/contact/index.html,471,2026-07-22 19:57,600
/data/data/com.termux/files/home/FHI_EMPIRE/empire-v5/docs/components/hero.html,314,2026-07-22 19:59,600
/data/data/com.termux/files/home/FHI_EMPIRE/empire-v5/docs/components/services.html,388,2026-07-22 19:59,600
/data/data/com.termux/files/home/FHI_EMPIRE/empire-v5/docs/components/cta.html,192,2026-07-22 19:59,600
/data/data/com.termux/files/home/FHI_EMPIRE/empire-v5/docs/landing/index.html,488,2026-07-22 19:59,600
/data/data/com.termux/files/home/FHI_EMPIRE/empire-v5/docs/seo/site-meta.json,280,2026-07-22 19:59,600
/data/data/com.termux/files/home/FHI_EMPIRE/empire-v5/docs/industries/template.html,505,2026-07-22 19:59,600
/data/data/com.termux/files/home/FHI_EMPIRE/empire-v5/docs/blog/articles.json,205,2026-07-22 19:59,600
/data/data/com.termux/files/home/FHI_EMPIRE/empire-v5/docs/robots.txt,46,2026-07-22 19:59,600
/data/data/com.termux/files/home/FHI_EMPIRE/empire-v5/docs/sitemap.xml,314,2026-07-22 19:59,600
/data/data/com.termux/files/home/FHI_EMPIRE/empire-v5/api/services/health.js,141,2026-07-22 20:06,600
/data/data/com.termux/files/home/FHI_EMPIRE/empire-v5/api/logs/api-events.json,19,2026-07-22 20:06,600
/data/data/com.termux/files/home/FHI_EMPIRE/empire-v5/api/config/services.json,341,2026-07-22 20:06,600
/data/data/com.termux/files/home/FHI_EMPIRE/empire-v5/api/router.js,318,2026-07-22 20:06,600
/data/data/com.termux/files/home/FHI_EMPIRE/empire-v5/payments/paypal/inventory.json,286,2026-07-22 19:50,600
/data/data/com.termux/files/home/FHI_EMPIRE/empire-v5/payments/products/products.json,71,2026-07-22 19:50,600
/data/data/com.termux/files/home/FHI_EMPIRE/empire-v5/payments/products/cta.json,262,2026-07-22 19:51,600
/data/data/com.termux/files/home/FHI_EMPIRE/empire-v5/chatbot/agents/registry.json,324,2026-07-22 19:50,600
/data/data/com.termux/files/home/FHI_EMPIRE/empire-v5/chatbot/agents/empire-agents.json,642,2026-07-22 19:53,600
/data/data/com.termux/files/home/FHI_EMPIRE/empire-v5/chatbot/router/intents.json,345,2026-07-22 19:50,600
/data/data/com.termux/files/home/FHI_EMPIRE/empire-v5/chatbot/frontend/widget.html,395,2026-07-22 19:51,600
/data/data/com.termux/files/home/FHI_EMPIRE/empire-v5/chatbot/backend/router.js,361,2026-07-22 19:51,600
/data/data/com.termux/files/home/FHI_EMPIRE/empire-v5/chatbot/backend/agents.js,322,2026-07-22 19:51,600
/data/data/com.termux/files/home/FHI_EMPIRE/empire-v5/chatbot/data/customer-flow.json,180,2026-07-22 19:51,600
/data/data/com.termux/files/home/FHI_EMPIRE/empire-v5/analytics/events/leads.json,18,2026-07-22 19:50,600
/data/data/com.termux/files/home/FHI_EMPIRE/empire-v5/analytics/events/lead-schema.json,114,2026-07-22 19:51,600
/data/data/com.termux/files/home/FHI_EMPIRE/empire-v5/.env.example,167,2026-07-22 19:50,600
/data/data/com.termux/files/home/FHI_EMPIRE/empire-v5/.gitignore,19,2026-07-22 19:50,600
/data/data/com.termux/files/home/FHI_EMPIRE/empire-v5/navigation,0,2026-07-22 19:52,600
/data/data/com.termux/files/home/FHI_EMPIRE/empire-v5/integrations/systemBridge.js,392,2026-07-22 19:54,600
/data/data/com.termux/files/home/FHI_EMPIRE/empire-v5/integrations/primedox/caseEvents.js,240,2026-07-22 19:55,600
/data/data/com.termux/files/home/FHI_EMPIRE/empire-v5/concierge/leads/leads.json,16,2026-07-22 19:58,600
/data/data/com.termux/files/home/FHI_EMPIRE/empire-v5/concierge/routing/service-map.json,440,2026-07-22 19:58,600
/data/data/com.termux/files/home/FHI_EMPIRE/empire-v5/concierge/routing/router.js,318,2026-07-22 19:58,600
/data/data/com.termux/files/home/FHI_EMPIRE/empire-v5/concierge/lead-score.js,344,2026-07-22 19:58,600
/data/data/com.termux/files/home/FHI_EMPIRE/empire-v5/concierge/events/events.json,102,2026-07-22 19:58,600
/data/data/com.termux/files/home/FHI_EMPIRE/empire-v5/clones/templates/industry-template.json,128,2026-07-22 20:00,600
/data/data/com.termux/files/home/FHI_EMPIRE/empire-v5/clones/generated/registry.json,17,2026-07-22 20:00,600
/data/data/com.termux/files/home/FHI_EMPIRE/empire-v5/clones/config/industries.json,436,2026-07-22 20:00,600
/data/data/com.termux/files/home/FHI_EMPIRE/empire-v5/clones/generator.js,337,2026-07-22 20:00,600
/data/data/com.termux/files/home/FHI_EMPIRE/empire-v5/memory/entities/entities.json,244,2026-07-22 20:01,600
/data/data/com.termux/files/home/FHI_EMPIRE/empire-v5/memory/events/events.json,133,2026-07-22 20:01,600
/data/data/com.termux/files/home/FHI_EMPIRE/empire-v5/memory/relations/graph.json,148,2026-07-22 20:01,600
/data/data/com.termux/files/home/FHI_EMPIRE/empire-v5/memory/search/index.json,20,2026-07-22 20:01,600
/data/data/com.termux/files/home/FHI_EMPIRE/empire-v5/memory/memory-engine.js,476,2026-07-22 20:01,600
/data/data/com.termux/files/home/FHI_EMPIRE/empire-v5/workflows/queue/tasks.json,253,2026-07-22 20:02,600
/data/data/com.termux/files/home/FHI_EMPIRE/empire-v5/workflows/history/completed.json,16,2026-07-22 20:02,600
/data/data/com.termux/files/home/FHI_EMPIRE/empire-v5/workflows/templates/customer-intake.json,236,2026-07-22 20:02,600
/data/data/com.termux/files/home/FHI_EMPIRE/empire-v5/workflows/task-engine.js,675,2026-07-22 20:02,600
/data/data/com.termux/files/home/FHI_EMPIRE/empire-v5/bus/events/events.json,17,2026-07-22 20:04,600
/data/data/com.termux/files/home/FHI_EMPIRE/empire-v5/bus/events/event-types.json,131,2026-07-22 20:04,600
/data/data/com.termux/files/home/FHI_EMPIRE/empire-v5/bus/messages/messages.json,19,2026-07-22 20:04,600
/data/data/com.termux/files/home/FHI_EMPIRE/empire-v5/bus/messages/channels.json,237,2026-07-22 20:04,600
/data/data/com.termux/files/home/FHI_EMPIRE/empire-v5/bus/event-bus.js,580,2026-07-22 20:04,600
/data/data/com.termux/files/home/FHI_EMPIRE/empire-v5/crm/leads/leads.json,235,2026-07-22 20:05,600
/data/data/com.termux/files/home/FHI_EMPIRE/empire-v5/crm/customers/customers.json,20,2026-07-22 20:05,600
/data/data/com.termux/files/home/FHI_EMPIRE/empire-v5/crm/pipeline/stages.json,126,2026-07-22 20:05,600
/data/data/com.termux/files/home/FHI_EMPIRE/empire-v5/crm/activity/activity.json,21,2026-07-22 20:05,600
/data/data/com.termux/files/home/FHI_EMPIRE/empire-v5/crm/crm-engine.js,681,2026-07-22 20:05,600
/data/data/com.termux/files/home/FHI_EMPIRE/empire-v5/sales-ai/scoring/rules.json,240,2026-07-22 20:05,600
/data/data/com.termux/files/home/FHI_EMPIRE/empire-v5/sales-ai/scoring/lead-scorer.js,365,2026-07-22 20:05,600
/data/data/com.termux/files/home/FHI_EMPIRE/empire-v5/sales-ai/assistant/sales-assistant.js,189,2026-07-22 20:05,600
/data/data/com.termux/files/home/FHI_EMPIRE/empire-v5/sales-ai/followups/queue.json,20,2026-07-22 20:05,600
/data/data/com.termux/files/home/FHI_EMPIRE/empire-v5/sales-ai/analytics/status.json,50,2026-07-22 20:05,600
/data/data/com.termux/files/home/FHI_EMPIRE/empire-v5/portal/users/users.json,228,2026-07-22 20:05,600
/data/data/com.termux/files/home/FHI_EMPIRE/empire-v5/portal/services/services.json,286,2026-07-22 20:05,600
/data/data/com.termux/files/home/FHI_EMPIRE/empire-v5/portal/activity/activity.json,17,2026-07-22 20:05,600
/data/data/com.termux/files/home/FHI_EMPIRE/empire-v5/portal/settings/defaults.json,69,2026-07-22 20:05,600
/data/data/com.termux/files/home/FHI_EMPIRE/empire-v5/portal/portal-engine.js,659,2026-07-22 20:05,600
/data/data/com.termux/files/home/FHI_EMPIRE/empire-v5/auth/users/identities.json,232,2026-07-22 20:06,600
/data/data/com.termux/files/home/FHI_EMPIRE/empire-v5/auth/sessions/sessions.json,169,2026-07-22 20:06,600
/data/data/com.termux/files/home/FHI_EMPIRE/empire-v5/auth/roles/roles.json,292,2026-07-22 20:06,600
/data/data/com.termux/files/home/FHI_EMPIRE/empire-v5/auth/logs/events.json,17,2026-07-22 20:06,600
/data/data/com.termux/files/home/FHI_EMPIRE/empire-v5/auth/session-engine.js,543,2026-07-22 20:06,600
/data/data/com.termux/files/home/FHI_EMPIRE/empire-v5/monitoring/metrics/services.json,164,2026-07-22 20:07,600
/data/data/com.termux/files/home/FHI_EMPIRE/empire-v5/monitoring/alerts/alerts.json,17,2026-07-22 20:07,600
/data/data/com.termux/files/home/FHI_EMPIRE/empire-v5/monitoring/logs/errors.json,17,2026-07-22 20:07,600
/data/data/com.termux/files/home/FHI_EMPIRE/empire-v5/monitoring/health/registry.json,240,2026-07-22 20:07,600
/data/data/com.termux/files/home/FHI_EMPIRE/empire-v5/monitoring/monitor-engine.js,611,2026-07-22 20:07,600
/data/data/com.termux/files/home/FHI_EMPIRE/empire-v5/empire_inventory_20260722.csv,16426,2026-07-22 21:11,600
